filename,num_sentences,num_bullets,num_matching
2.txt,6,2,1
4.txt,10,8,3
5.txt,8,3,3
7.txt,7,3,2
9.txt,11,2,3
10.txt,5,1,1
13.txt,6,1,0
14.txt,5,2,1
15.txt,6,1,1
18.txt,5,1,1
19.txt,6,2,2
21.txt,6,3,2
25.txt,10,7,10
26.txt,4,1,1
27.txt,6,3,3
28.txt,14,5,2
29.txt,6,4,3
31.txt,3,1,1
32.txt,5,1,0
33.txt,5,1,0
35.txt,5,4,3
37.txt,5,1,0
39.txt,4,1,0
40.txt,7,4,3
41.txt,12,4,5
43.txt,4,1,0
45.txt,5,2,2
47.txt,6,2,1
48.txt,9,2,2
49.txt,9,4,3
50.txt,6,3,6
51.txt,5,1,1
53.txt,7,3,3
54.txt,8,3,2
55.txt,5,1,1
57.txt,11,3,2
58.txt,5,2,1
59.txt,7,1,1
60.txt,8,3,4
61.txt,4,1,0
62.txt,12,3,1
63.txt,5,5,3
64.txt,11,2,2
67.txt,6,2,0
70.txt,5,1,1
73.txt,6,3,2
74.txt,7,6,3
75.txt,10,6,3
76.txt,5,1,0
77.txt,7,2,1
78.txt,3,1,0
82.txt,4,1,0
84.txt,6,2,2
85.txt,6,2,2
88.txt,7,4,2
90.txt,6,1,1
91.txt,7,2,4
92.txt,3,1,0
93.txt,5,1,0
95.txt,7,2,2
97.txt,4,1,1
98.txt,4,2,1
99.txt,7,1,0
101.txt,17,9,6
102.txt,6,2,2
103.txt,9,2,0
104.txt,12,7,2
105.txt,6,3,0
108.txt,6,2,4
111.txt,2,2,1
112.txt,7,5,6
113.txt,7,3,0
115.txt,7,2,3
116.txt,4,1,0
118.txt,6,1,2
120.txt,4,3,2
122.txt,5,1,0
123.txt,10,4,4
124.txt,4,5,6
125.txt,6,1,0
126.txt,9,3,2
127.txt,5,1,1
128.txt,10,6,4
130.txt,8,2,1
131.txt,7,2,1
132.txt,6,1,1
134.txt,5,2,2
137.txt,5,5,3
139.txt,12,9,10
143.txt,7,3,1
144.txt,5,3,5
145.txt,4,3,2
146.txt,4,3,1
150.txt,7,1,0
151.txt,4,1,0
152.txt,5,4,2
153.txt,6,2,2
155.txt,4,2,1
156.txt,6,2,1
159.txt,14,1,1
160.txt,6,3,4
161.txt,8,3,1
163.txt,9,3,0
165.txt,7,4,1
166.txt,7,3,1
167.txt,4,1,1
168.txt,4,3,1
170.txt,4,2,1
172.txt,10,4,6
173.txt,8,2,3
174.txt,11,2,0
175.txt,10,7,5
177.txt,14,7,2
178.txt,6,7,6
179.txt,4,1,0
180.txt,10,3,2
181.txt,5,1,0
182.txt,6,2,2
183.txt,6,5,6
184.txt,7,1,1
185.txt,6,3,1
187.txt,5,2,2
188.txt,8,3,3
189.txt,9,5,9
192.txt,5,2,1
193.txt,7,1,0
194.txt,7,3,2
197.txt,7,2,3
198.txt,4,1,0
199.txt,5,2,0
201.txt,9,5,3
202.txt,7,4,2
205.txt,3,1,1
206.txt,30,5,3
209.txt,4,2,1
210.txt,7,2,0
212.txt,13,2,1
214.txt,4,2,1
215.txt,11,7,9
216.txt,6,3,1
218.txt,9,4,3
220.txt,8,3,6
221.txt,6,3,1
223.txt,4,1,0
227.txt,6,5,3
228.txt,10,4,6
229.txt,5,2,1
230.txt,3,1,1
233.txt,8,9,5
235.txt,17,6,3
237.txt,5,2,1
240.txt,16,2,0
245.txt,7,2,3
248.txt,6,1,1
249.txt,10,1,2
250.txt,6,1,1
251.txt,7,2,0
253.txt,5,2,2
254.txt,4,1,0
256.txt,6,2,1
257.txt,5,1,2
258.txt,6,4,5
260.txt,14,4,1
266.txt,7,2,1
267.txt,7,3,5
268.txt,5,2,2
273.txt,6,4,2
274.txt,9,4,5
277.txt,9,4,3
278.txt,6,3,1
280.txt,4,1,0
285.txt,6,5,1
286.txt,6,1,0
288.txt,7,2,2
289.txt,5,2,0
290.txt,9,3,0
292.txt,7,1,2
293.txt,11,2,3
294.txt,5,1,2
295.txt,7,1,0
296.txt,5,1,1
297.txt,10,7,11
299.txt,6,1,1
300.txt,7,4,4
302.txt,5,1,0
303.txt,9,5,3
304.txt,8,5,2
305.txt,5,1,0
308.txt,5,3,1
312.txt,8,1,0
313.txt,9,6,5
314.txt,7,1,2
315.txt,3,1,0
316.txt,3,1,1
321.txt,8,5,2
322.txt,5,2,2
323.txt,8,4,1
327.txt,7,2,1
329.txt,7,5,2
332.txt,4,2,0
333.txt,5,1,2
334.txt,3,3,2
335.txt,6,1,0
337.txt,7,6,3
340.txt,6,3,1
342.txt,8,3,3
343.txt,8,4,1
347.txt,8,2,1
349.txt,8,2,2
350.txt,6,2,1
351.txt,7,3,3
352.txt,9,1,0
353.txt,10,3,3
355.txt,7,4,5
357.txt,6,2,2
369.txt,5,7,3
371.txt,6,6,2
372.txt,5,4,4
374.txt,4,4,2
376.txt,6,1,0
377.txt,5,1,1
378.txt,3,1,0
379.txt,8,5,3
380.txt,7,1,0
382.txt,8,3,5
383.txt,4,1,1
384.txt,4,3,2
386.txt,4,1,0
387.txt,7,2,1
388.txt,8,4,3
389.txt,10,2,3
390.txt,6,2,2
391.txt,5,1,1
392.txt,7,1,0
394.txt,5,3,3
395.txt,7,1,0
396.txt,6,1,1
397.txt,8,3,4
398.txt,6,1,0
399.txt,6,1,1
400.txt,6,1,1
401.txt,5,4,4
402.txt,4,1,0
403.txt,6,1,1
404.txt,8,2,0
405.txt,8,2,2
406.txt,5,3,2
408.txt,5,2,3
409.txt,8,5,5
410.txt,7,2,1
411.txt,5,4,2
412.txt,13,6,1
414.txt,4,3,0
415.txt,5,1,0
417.txt,6,1,1
418.txt,6,6,0
420.txt,11,1,2
422.txt,4,1,1
423.txt,15,8,9
424.txt,6,1,0
426.txt,7,2,2
431.txt,8,3,1
434.txt,9,5,3
436.txt,4,3,1
437.txt,13,4,7
439.txt,9,3,1
440.txt,7,4,3
441.txt,7,4,2
442.txt,4,2,1
443.txt,4,1,0
446.txt,4,1,1
451.txt,16,1,0
452.txt,9,1,0
453.txt,3,1,0
454.txt,6,1,1
455.txt,6,5,1
456.txt,5,1,1
457.txt,11,3,4
458.txt,6,1,0
460.txt,5,1,1
462.txt,9,2,3
463.txt,11,4,3
464.txt,7,2,1
465.txt,11,6,4
466.txt,5,2,2
468.txt,13,5,4
469.txt,6,3,2
471.txt,5,1,0
472.txt,6,1,0
476.txt,6,1,0
478.txt,4,1,1
481.txt,8,7,1
482.txt,5,1,1
483.txt,12,5,4
484.txt,6,4,3
485.txt,4,1,0
486.txt,9,4,2
488.txt,8,1,0
489.txt,10,1,1
490.txt,8,1,0
491.txt,4,2,0
493.txt,6,1,0
494.txt,13,1,0
495.txt,5,1,1
498.txt,12,2,2
500.txt,6,2,1
501.txt,5,1,1
504.txt,7,5,3
507.txt,4,1,0
509.txt,11,5,8
511.txt,6,2,2
512.txt,7,1,0
513.txt,15,6,2
516.txt,5,1,0
517.txt,5,4,2
520.txt,7,3,3
521.txt,5,3,1
522.txt,7,7,1
524.txt,7,5,2
525.txt,9,4,1
526.txt,3,2,1
528.txt,4,3,2
530.txt,3,1,1
531.txt,5,4,4
533.txt,9,3,5
534.txt,7,3,0
535.txt,9,7,5
537.txt,7,1,1
540.txt,6,4,2
541.txt,11,6,4
545.txt,5,4,3
546.txt,3,1,1
547.txt,5,1,0
548.txt,7,1,0
549.txt,11,4,3
551.txt,5,3,2
552.txt,6,2,2
553.txt,8,3,3
555.txt,5,1,0
558.txt,7,1,1
564.txt,9,4,4
567.txt,7,2,1
568.txt,10,8,7
569.txt,19,6,4
573.txt,7,3,0
574.txt,6,6,2
575.txt,6,1,1
576.txt,12,8,7
578.txt,7,1,1
580.txt,5,1,0
583.txt,8,3,1
585.txt,7,5,2
586.txt,11,8,11
587.txt,8,1,0
590.txt,8,2,3
591.txt,10,2,1
592.txt,7,2,2
593.txt,7,4,1
594.txt,10,4,3
596.txt,6,1,0
597.txt,11,5,3
598.txt,3,2,0
599.txt,4,1,1
600.txt,5,3,0
601.txt,10,6,5
603.txt,4,1,0
604.txt,7,1,0
605.txt,7,2,2
606.txt,9,2,0
607.txt,5,2,1
608.txt,6,1,0
610.txt,5,4,2
611.txt,10,2,0
612.txt,5,7,4
613.txt,4,1,0
615.txt,9,2,1
616.txt,10,2,1
617.txt,5,1,1
619.txt,5,2,2
620.txt,6,2,0
621.txt,5,1,1
623.txt,8,3,1
624.txt,7,6,5
627.txt,6,3,2
628.txt,15,6,5
631.txt,6,5,2
633.txt,6,1,1
634.txt,4,2,0
635.txt,3,3,1
636.txt,7,2,1
637.txt,4,1,0
638.txt,4,1,1
640.txt,6,1,0
641.txt,6,1,0
643.txt,2,1,1
644.txt,4,1,1
645.txt,5,1,1
646.txt,7,1,0
647.txt,8,6,3
648.txt,6,2,2
649.txt,8,2,0
650.txt,21,12,10
651.txt,9,3,4
653.txt,5,1,1
655.txt,6,1,1
656.txt,5,2,2
659.txt,6,3,2
660.txt,6,1,0
661.txt,6,2,0
662.txt,2,1,0
664.txt,8,1,0
665.txt,3,1,1
666.txt,7,6,2
667.txt,10,5,3
669.txt,10,4,3
670.txt,7,2,2
671.txt,8,3,1
672.txt,4,4,2
674.txt,11,2,1
675.txt,5,2,1
677.txt,8,7,12
678.txt,10,5,1
679.txt,6,1,0
680.txt,6,1,1
681.txt,11,2,0
682.txt,9,2,0
684.txt,5,2,1
685.txt,9,5,2
686.txt,8,2,3
687.txt,9,3,1
688.txt,18,5,4
689.txt,9,3,9
692.txt,8,2,2
693.txt,5,3,2
694.txt,5,1,0
695.txt,7,7,3
697.txt,5,3,3
698.txt,4,1,1
699.txt,5,5,4
700.txt,7,3,1
701.txt,7,4,4
702.txt,8,4,2
703.txt,4,1,1
705.txt,4,2,2
706.txt,5,3,0
709.txt,11,5,2
710.txt,6,1,1
711.txt,8,2,1
712.txt,5,1,1
713.txt,10,6,4
714.txt,6,2,1
715.txt,8,3,4
716.txt,3,2,1
718.txt,5,1,1
723.txt,6,4,2
724.txt,5,1,1
726.txt,10,3,1
728.txt,8,1,2
729.txt,10,3,5
730.txt,3,1,0
732.txt,6,2,2
733.txt,13,2,3
736.txt,5,5,6
738.txt,4,1,0
742.txt,6,1,2
743.txt,4,1,1
744.txt,9,2,3
745.txt,6,2,0
746.txt,7,3,1
747.txt,4,1,1
749.txt,7,3,2
750.txt,10,1,0
752.txt,6,2,1
753.txt,5,1,1
754.txt,4,1,0
755.txt,3,1,0
759.txt,5,1,1
760.txt,5,9,7
761.txt,5,1,1
762.txt,6,1,0
763.txt,5,1,1
765.txt,6,1,0
769.txt,7,2,1
772.txt,13,6,5
773.txt,8,4,4
774.txt,6,3,2
776.txt,8,3,1
777.txt,10,4,2
778.txt,5,1,1
780.txt,8,1,2
782.txt,3,1,0
783.txt,6,2,3
784.txt,8,8,2
786.txt,3,2,2
788.txt,7,1,1
789.txt,8,1,1
790.txt,4,1,0
791.txt,6,1,1
797.txt,11,2,2
800.txt,15,8,10
802.txt,5,10,4
803.txt,5,2,0
804.txt,8,3,4
805.txt,6,1,1
806.txt,8,3,2
808.txt,8,6,8
809.txt,5,1,1
810.txt,7,2,2
811.txt,5,1,0
812.txt,7,2,0
813.txt,8,5,4
814.txt,7,6,3
816.txt,9,5,4
817.txt,9,3,0
818.txt,5,2,2
819.txt,3,1,1
820.txt,7,3,3
821.txt,6,2,3
822.txt,12,6,3
824.txt,6,2,1
825.txt,3,5,3
827.txt,5,2,1
828.txt,11,5,4
830.txt,5,3,1
831.txt,4,1,2
832.txt,3,1,0
834.txt,5,1,1
835.txt,10,2,1
836.txt,8,1,1
837.txt,6,2,1
838.txt,8,5,2
840.txt,4,4,1
841.txt,9,3,2
843.txt,7,2,1
845.txt,4,1,0
846.txt,6,1,1
847.txt,7,3,2
848.txt,9,4,6
849.txt,12,1,2
851.txt,11,6,2
854.txt,18,3,6
855.txt,4,3,1
856.txt,12,4,3
858.txt,5,1,1
859.txt,6,2,1
860.txt,8,4,3
861.txt,4,1,0
862.txt,5,1,0
864.txt,4,2,1
867.txt,8,6,3
868.txt,7,4,1
870.txt,4,1,0
872.txt,6,1,1
874.txt,8,2,0
875.txt,14,1,0
876.txt,7,1,1
877.txt,12,5,5
878.txt,5,4,3
880.txt,4,1,1
884.txt,6,1,1
885.txt,8,2,0
890.txt,5,1,1
892.txt,8,5,1
895.txt,9,4,3
897.txt,6,5,0
898.txt,4,1,0
900.txt,7,2,1
901.txt,7,4,3
902.txt,5,2,2
903.txt,7,5,3
904.txt,7,3,1
906.txt,5,1,1
907.txt,7,3,4
908.txt,7,4,1
910.txt,8,4,3
914.txt,5,1,1
915.txt,9,2,1
916.txt,5,1,0
917.txt,7,1,0
919.txt,3,1,0
922.txt,4,1,1
923.txt,7,6,5
924.txt,7,3,2
925.txt,5,3,4
927.txt,6,1,1
929.txt,7,3,0
930.txt,5,1,1
933.txt,4,1,0
934.txt,9,4,2
938.txt,4,1,0
942.txt,7,1,0
944.txt,5,2,2
945.txt,5,4,3
948.txt,4,1,1
949.txt,12,2,0
952.txt,8,4,2
953.txt,7,4,2
954.txt,5,3,3
955.txt,10,2,1
956.txt,6,4,4
957.txt,6,1,0
959.txt,5,1,2
960.txt,6,1,1
961.txt,9,2,2
963.txt,5,1,1
966.txt,7,4,1
969.txt,6,1,1
972.txt,4,3,2
973.txt,9,4,3
974.txt,7,2,0
975.txt,6,3,1
976.txt,7,2,2
978.txt,9,5,4
979.txt,5,2,1
981.txt,2,1,1
983.txt,11,3,4
984.txt,8,4,1
987.txt,4,1,0
989.txt,5,1,1
991.txt,5,1,2
992.txt,13,3,5
995.txt,4,1,1
997.txt,8,2,0
998.txt,5,3,3
1000.txt,10,3,8
1001.txt,5,2,2
1002.txt,3,1,1
1003.txt,15,5,5
1004.txt,8,4,2
1007.txt,7,1,0
1012.txt,6,6,3
1013.txt,5,2,2
1014.txt,7,2,0
1015.txt,4,2,0
1016.txt,5,10,8
1017.txt,5,2,0
1018.txt,5,1,1
1019.txt,6,1,0
1020.txt,4,1,1
1021.txt,2,3,2
1022.txt,5,2,1
1023.txt,7,1,0
1025.txt,5,1,1
1027.txt,8,2,0
1029.txt,3,1,1
1030.txt,7,1,1
1031.txt,3,3,0
1032.txt,6,3,2
1033.txt,4,4,2
1034.txt,6,2,2
1035.txt,8,2,0
1036.txt,5,1,0
1037.txt,7,4,2
1040.txt,9,4,2
1041.txt,6,1,1
1043.txt,7,2,3
1044.txt,9,2,3
1045.txt,4,1,1
1048.txt,5,2,0
1050.txt,5,4,2
1053.txt,11,3,3
1054.txt,5,1,0
1056.txt,9,7,7
1058.txt,9,2,3
1059.txt,5,3,4
1060.txt,5,2,1
1061.txt,5,1,1
1062.txt,10,1,0
1063.txt,7,2,1
1064.txt,6,4,3
1065.txt,12,2,0
1069.txt,4,4,2
1070.txt,15,2,0
1071.txt,8,2,0
1072.txt,7,3,3
1073.txt,9,5,4
1074.txt,6,1,2
1075.txt,18,7,5
1076.txt,9,6,2
1077.txt,4,1,0
1079.txt,8,2,2
1080.txt,12,7,4
1081.txt,9,3,2
1082.txt,5,3,3
1085.txt,6,4,2
1086.txt,5,2,0
1087.txt,7,4,2
1088.txt,4,3,2
1089.txt,9,3,3
1092.txt,2,1,0
1094.txt,6,2,1
1095.txt,11,5,6
1097.txt,11,3,0
1098.txt,6,5,6
1100.txt,4,7,2
1101.txt,5,1,1
1102.txt,8,5,6
1103.txt,8,2,1
1104.txt,4,2,2
1105.txt,13,3,2
1106.txt,8,1,1
1107.txt,4,3,1
1108.txt,6,1,2
1110.txt,8,2,0
1111.txt,10,2,2
1112.txt,16,4,4
1113.txt,10,3,6
1116.txt,5,2,0
1117.txt,9,3,7
1119.txt,6,4,5
1120.txt,8,2,2
1121.txt,5,1,1
1123.txt,9,3,1
1124.txt,11,3,3
1125.txt,14,7,4
1126.txt,14,6,3
1127.txt,6,1,2
1128.txt,4,4,2
1129.txt,13,2,2
1130.txt,11,2,3
1131.txt,7,1,1
1133.txt,5,3,1
1134.txt,6,1,0
1135.txt,4,1,1
1139.txt,6,3,2
1140.txt,4,2,0
1143.txt,4,3,2
1145.txt,9,1,2
1146.txt,8,1,0
1149.txt,6,1,1
1150.txt,4,1,0
1152.txt,7,3,2
1154.txt,7,3,2
1155.txt,10,1,2
1157.txt,5,2,2
1158.txt,5,2,2
1160.txt,8,5,3
1164.txt,3,4,0
1166.txt,6,4,3
1167.txt,13,7,3
1169.txt,12,5,8
1170.txt,5,1,2
1171.txt,4,3,4
1173.txt,6,6,4
1174.txt,8,2,2
1177.txt,6,2,1
1179.txt,8,4,1
1180.txt,7,2,2
1181.txt,17,5,6
1184.txt,5,3,1
1185.txt,9,3,1
1187.txt,6,1,0
1189.txt,8,2,1
1193.txt,6,2,2
1194.txt,5,3,1
1195.txt,5,1,1
1196.txt,8,3,2
1197.txt,8,1,0
1198.txt,5,1,1
1200.txt,8,1,2
1201.txt,7,5,1
1202.txt,3,3,3
1203.txt,7,3,3
1204.txt,6,2,1
1208.txt,4,1,0
1210.txt,6,2,2
1213.txt,4,1,0
1214.txt,6,2,0
1215.txt,5,1,0
1217.txt,5,2,1
1220.txt,6,8,6
1221.txt,4,1,0
1222.txt,4,1,0
1223.txt,5,1,0
1224.txt,4,1,0
1225.txt,5,1,1
1226.txt,7,2,2
1227.txt,10,2,1
1228.txt,7,2,2
1229.txt,6,3,2
1230.txt,7,4,3
1231.txt,6,1,0
1232.txt,7,3,3
1233.txt,8,7,4
1234.txt,14,7,1
1235.txt,5,3,1
1237.txt,9,2,1
1240.txt,14,6,6
1241.txt,6,1,1
1242.txt,8,3,2
1243.txt,11,6,3
1244.txt,7,3,3
1245.txt,3,2,1
1246.txt,6,3,2
1247.txt,6,1,0
1248.txt,5,1,0
1249.txt,6,1,1
1250.txt,5,2,0
1251.txt,4,1,0
1255.txt,13,3,4
1256.txt,6,2,0
1257.txt,13,8,7
1258.txt,4,1,0
1261.txt,5,2,3
1262.txt,7,3,2
1265.txt,10,4,3
1266.txt,5,1,1
1268.txt,9,1,1
1269.txt,5,2,2
1271.txt,4,1,2
1272.txt,7,2,1
1273.txt,9,2,3
1275.txt,5,6,2
1276.txt,6,1,0
1277.txt,6,1,0
1279.txt,7,2,0
1281.txt,6,1,1
1282.txt,6,2,1
1283.txt,6,2,1
1284.txt,11,4,1
1285.txt,7,4,2
1286.txt,8,2,1
1287.txt,6,2,1
1288.txt,6,3,2
1289.txt,5,2,1
1290.txt,12,5,3
1291.txt,5,1,1
1292.txt,13,6,4
1295.txt,7,2,3
1299.txt,4,1,1
1301.txt,4,1,0
1302.txt,6,2,2
1303.txt,9,3,6
1306.txt,8,2,2
1307.txt,12,5,3
1311.txt,7,3,1
1313.txt,6,5,3
1317.txt,7,3,1
1320.txt,9,3,3
1321.txt,3,1,0
1324.txt,5,1,1
1325.txt,7,7,3
1326.txt,8,7,8
1327.txt,4,1,0
1328.txt,6,1,1
1329.txt,7,2,8
1331.txt,7,3,3
1332.txt,5,6,1
1333.txt,8,3,1
1336.txt,5,3,1
1337.txt,10,2,2
1338.txt,4,1,0
1339.txt,6,1,2
1341.txt,7,1,0
1342.txt,5,2,3
1343.txt,8,4,4
1346.txt,9,2,1
1348.txt,12,5,5
1349.txt,6,1,1
1351.txt,5,1,1
1352.txt,6,1,0
1353.txt,5,4,3
1354.txt,5,2,2
1355.txt,5,6,2
1357.txt,5,2,3
1358.txt,5,2,0
1360.txt,7,2,0
1361.txt,7,6,3
1362.txt,5,10,2
1365.txt,5,2,0
1369.txt,5,1,1
1370.txt,8,3,1
1371.txt,5,4,3
1372.txt,7,4,2
1373.txt,6,2,0
1375.txt,2,2,1
1376.txt,6,2,2
1383.txt,9,6,4
1385.txt,6,1,1
1386.txt,12,1,0
1387.txt,5,1,0
1388.txt,5,1,1
1389.txt,4,1,2
1390.txt,6,1,0
1391.txt,6,2,2
1392.txt,7,1,0
1393.txt,10,3,0
1394.txt,5,1,1
1398.txt,6,2,1
1399.txt,5,3,1
1401.txt,2,2,1
1403.txt,8,1,0
1404.txt,9,2,1
1405.txt,6,5,0
1406.txt,6,1,2
1407.txt,5,2,2
1408.txt,7,1,1
1411.txt,7,1,0
1412.txt,6,1,2
1413.txt,6,2,2
1416.txt,13,4,1
1417.txt,8,3,0
1419.txt,5,2,0
1420.txt,2,3,1
1421.txt,7,3,1
1422.txt,7,4,4
1423.txt,6,3,1
1427.txt,6,2,0
1430.txt,6,5,5
1432.txt,6,1,1
1433.txt,5,2,2
1436.txt,13,8,9
1437.txt,8,2,2
1439.txt,5,3,0
1441.txt,7,3,5
1442.txt,4,1,1
1443.txt,8,3,2
1444.txt,8,2,1
1445.txt,11,7,11
1446.txt,4,3,1
1449.txt,14,5,4
1451.txt,7,3,3
1453.txt,5,1,2
1455.txt,6,1,1
1457.txt,9,1,0
1458.txt,8,4,4
1459.txt,4,2,3
1464.txt,6,2,1
1465.txt,6,2,0
1471.txt,13,7,7
1472.txt,4,1,1
1474.txt,6,1,1
1475.txt,10,1,2
1478.txt,6,1,0
1479.txt,5,2,2
1483.txt,6,2,1
1484.txt,6,2,0
1485.txt,11,7,2
1487.txt,4,1,0
1491.txt,5,4,5
1492.txt,6,1,1
1493.txt,6,3,2
1494.txt,2,3,3
1496.txt,7,2,1
1497.txt,10,2,3
1498.txt,6,2,0
1499.txt,5,1,2
1500.txt,6,4,3
1501.txt,21,4,4
1505.txt,6,2,2
1506.txt,11,4,0
1508.txt,4,1,0
1513.txt,7,4,3
1514.txt,10,3,0
1519.txt,7,3,4
1524.txt,10,3,3
1525.txt,14,6,9
1526.txt,7,1,0
1527.txt,7,5,3
1528.txt,5,1,0
1529.txt,10,5,2
1531.txt,5,4,0
1534.txt,12,7,11
1538.txt,6,2,1
1541.txt,4,4,1
1542.txt,6,4,0
1543.txt,8,1,1
1546.txt,4,1,0
1547.txt,5,1,1
1548.txt,5,1,1
1552.txt,9,2,2
1553.txt,6,1,1
1554.txt,5,1,0
1555.txt,7,2,1
1556.txt,11,4,3
1557.txt,10,9,5
1558.txt,8,1,2
1559.txt,7,3,3
1562.txt,4,1,1
1563.txt,8,2,1
1564.txt,7,12,2
1565.txt,8,2,1
1567.txt,5,1,1
1568.txt,4,1,1
1569.txt,5,1,0
1570.txt,8,2,0
1571.txt,15,8,6
1572.txt,11,1,1
1575.txt,6,2,0
1576.txt,7,4,3
1577.txt,5,1,2
1578.txt,8,3,1
1580.txt,10,2,4
1581.txt,6,1,2
1583.txt,5,1,0
1584.txt,4,1,0
1585.txt,6,1,0
1586.txt,8,1,0
1589.txt,7,4,4
1591.txt,11,4,2
1592.txt,7,4,2
1593.txt,5,3,2
1595.txt,7,3,2
1596.txt,7,1,1
1599.txt,8,2,1
1600.txt,7,2,1
1604.txt,3,1,0
1607.txt,5,1,1
1609.txt,7,2,0
1610.txt,4,1,0
1612.txt,8,4,4
1613.txt,6,5,2
1614.txt,7,4,2
1617.txt,7,5,4
1619.txt,11,3,2
1621.txt,5,1,1
1624.txt,4,2,1
1625.txt,5,1,0
1626.txt,8,2,6
1628.txt,6,9,2
1630.txt,8,1,2
1631.txt,11,7,4
1634.txt,14,6,3
1635.txt,11,5,1
1637.txt,6,2,0
1638.txt,5,4,4
1639.txt,5,1,1
1640.txt,6,1,2
1641.txt,7,1,1
1642.txt,5,1,0
1644.txt,6,2,1
1645.txt,8,2,0
1648.txt,9,2,3
1649.txt,14,4,7
1650.txt,5,1,0
1651.txt,2,1,0
1652.txt,7,1,2
1653.txt,6,1,0
1654.txt,9,5,6
1658.txt,7,1,0
1660.txt,6,1,2
1662.txt,7,2,2
1664.txt,3,3,1
1665.txt,6,1,1
1666.txt,9,7,3
1667.txt,10,2,2
1668.txt,12,4,3
1669.txt,6,2,1
1670.txt,4,1,0
1673.txt,8,1,2
1675.txt,5,1,1
1676.txt,9,3,1
1678.txt,14,6,4
1680.txt,2,1,0
1682.txt,10,1,0
1683.txt,8,7,7
1685.txt,4,2,3
1686.txt,5,2,0
1687.txt,9,1,2
1691.txt,10,4,6
1692.txt,4,1,1
1693.txt,5,2,2
1694.txt,11,1,0
1695.txt,14,1,1
1699.txt,12,5,6
1700.txt,2,1,1
1702.txt,7,1,0
1703.txt,6,2,2
1704.txt,8,7,3
1706.txt,6,1,2
1708.txt,8,1,0
1709.txt,6,1,1
1711.txt,5,1,0
1712.txt,5,2,3
1714.txt,6,1,1
1715.txt,5,1,1
1717.txt,5,2,2
1718.txt,6,1,1
1720.txt,11,6,6
1722.txt,6,3,3
1723.txt,6,2,0
1724.txt,5,4,5
1725.txt,10,3,2
1727.txt,14,7,7
1728.txt,5,2,3
1729.txt,7,1,2
1730.txt,7,1,0
1731.txt,5,1,2
1733.txt,5,5,2
1735.txt,10,3,2
1736.txt,6,1,2
1738.txt,5,1,0
1739.txt,13,6,8
1740.txt,7,3,5
1741.txt,9,4,5
1742.txt,5,2,1
1743.txt,4,3,1
1747.txt,10,1,2
1749.txt,5,2,1
1750.txt,12,8,6
1752.txt,9,2,3
1753.txt,6,2,2
1754.txt,4,1,0
1755.txt,6,4,3
1758.txt,9,4,1
1759.txt,6,3,1
1760.txt,5,2,1
1762.txt,3,2,1
1763.txt,4,1,1
1764.txt,5,1,1
1765.txt,6,3,2
1767.txt,5,1,0
1768.txt,7,2,0
1769.txt,6,6,3
1771.txt,4,1,0
1772.txt,5,1,1
1773.txt,2,1,0
1774.txt,6,1,0
1776.txt,7,1,0
1777.txt,9,6,3
1781.txt,5,1,0
1782.txt,8,4,3
1783.txt,6,4,1
1784.txt,3,2,0
1785.txt,6,2,0
1786.txt,5,1,0
1787.txt,5,1,0
1789.txt,3,1,1
1791.txt,16,4,4
1792.txt,5,4,1
1795.txt,9,2,2
1797.txt,5,1,1
1798.txt,8,2,1
1800.txt,4,1,1
1801.txt,6,1,2
1803.txt,4,2,1
1804.txt,5,1,0
1806.txt,4,1,0
1807.txt,4,4,2
1808.txt,8,1,1
1811.txt,7,4,3
1815.txt,6,1,0
1816.txt,8,4,2
1817.txt,9,7,3
1818.txt,4,3,1
1819.txt,5,4,1
1820.txt,5,1,0
1821.txt,5,1,0
1822.txt,7,1,0
1823.txt,19,3,3
1825.txt,3,1,1
1829.txt,8,1,1
1830.txt,6,3,1
1832.txt,11,4,3
1833.txt,6,3,1
1835.txt,7,1,3
1836.txt,6,3,2
1838.txt,5,1,1
1839.txt,6,1,0
1840.txt,12,1,2
1841.txt,4,1,0
1842.txt,3,2,1
1844.txt,4,2,3
1845.txt,9,3,1
1846.txt,7,1,1
1847.txt,7,2,0
1848.txt,8,4,3
1849.txt,5,1,1
1855.txt,10,3,5
1857.txt,8,1,2
1858.txt,9,9,4
1859.txt,5,2,1
1860.txt,11,4,2
1862.txt,7,2,1
1863.txt,7,6,4
1864.txt,5,3,1
1865.txt,9,2,0
1866.txt,4,1,0
1867.txt,16,12,7
1868.txt,6,4,5
1869.txt,9,2,2
1870.txt,11,4,7
1872.txt,6,1,1
1873.txt,6,1,0
1874.txt,16,9,10
1875.txt,7,2,1
1876.txt,6,5,2
1878.txt,8,1,1
1880.txt,8,2,3
1881.txt,6,1,1
1883.txt,5,1,0
1884.txt,12,3,4
1886.txt,7,3,1
1887.txt,7,4,2
1888.txt,7,3,3
1889.txt,10,3,2
1890.txt,9,4,2
1891.txt,4,1,0
1892.txt,5,2,1
1893.txt,7,3,4
1894.txt,6,1,1
1895.txt,5,1,0
1897.txt,6,2,1
1898.txt,12,4,4
1900.txt,9,4,2
1901.txt,9,1,0
1904.txt,2,1,0
1905.txt,7,4,2
1906.txt,3,2,0
1908.txt,5,1,1
1909.txt,7,4,4
1910.txt,5,2,2
1913.txt,4,1,0
1914.txt,7,1,0
1916.txt,10,4,1
1918.txt,11,3,1
1919.txt,6,6,7
1921.txt,6,3,2
1923.txt,5,2,4
1924.txt,5,5,3
1925.txt,6,1,1
1926.txt,4,1,0
1927.txt,5,1,1
1929.txt,13,7,4
1930.txt,5,2,1
1933.txt,5,2,2
1934.txt,9,3,3
1935.txt,8,3,1
1936.txt,11,4,4
1939.txt,6,1,1
1941.txt,9,5,1
1942.txt,7,3,3
1943.txt,14,2,2
1944.txt,7,3,3
1945.txt,4,9,8
1946.txt,2,1,0
1947.txt,6,2,1
1949.txt,5,1,0
1952.txt,11,4,5
1957.txt,5,4,4
1958.txt,8,3,3
1959.txt,5,1,1
1961.txt,4,5,4
1962.txt,7,1,1
1965.txt,5,4,2
1967.txt,10,3,0
1968.txt,10,1,0
1970.txt,6,4,5
1972.txt,5,2,2
1973.txt,5,5,1
1976.txt,3,3,2
1977.txt,3,1,0
1978.txt,5,1,0
1981.txt,5,1,1
1982.txt,4,6,0
1984.txt,7,1,0
1986.txt,7,3,3
1988.txt,5,4,3
1989.txt,6,3,0
1990.txt,11,3,3
1991.txt,12,6,4
1992.txt,9,6,4
1993.txt,6,2,3
1998.txt,15,2,3
2001.txt,6,4,2
2002.txt,9,3,4
2003.txt,8,2,0
2006.txt,8,4,4
2007.txt,8,1,0
2011.txt,7,1,0
2013.txt,6,4,2
2014.txt,8,1,1
2018.txt,5,2,2
2021.txt,4,1,1
2022.txt,5,1,0
2027.txt,9,1,2
2030.txt,7,5,2
2033.txt,7,2,2
2034.txt,10,6,4
2035.txt,7,3,4
2036.txt,10,8,10
2037.txt,12,5,2
2039.txt,5,2,1
2040.txt,3,1,1
2042.txt,2,2,0
2043.txt,4,4,2
2044.txt,6,2,2
2045.txt,6,1,1
2046.txt,18,5,11
2047.txt,6,1,1
2048.txt,7,3,1
2049.txt,5,4,1
2050.txt,7,7,4
2052.txt,6,2,2
2054.txt,4,2,0
2055.txt,7,8,2
2057.txt,18,5,3
2058.txt,4,1,1
2059.txt,6,3,1
2060.txt,6,1,0
2062.txt,12,4,3
2063.txt,6,2,2
2064.txt,13,6,4
2065.txt,6,3,2
2066.txt,7,4,3
2070.txt,8,1,3
2071.txt,14,3,2
2072.txt,8,3,4
2073.txt,5,2,2
2074.txt,8,7,7
2076.txt,5,1,1
2077.txt,9,5,2
2079.txt,5,2,2
2080.txt,4,2,2
2082.txt,7,4,3
2084.txt,9,5,4
2085.txt,5,1,1
2088.txt,6,6,5
2091.txt,5,1,1
2092.txt,7,2,3
2093.txt,5,1,0
2094.txt,7,2,1
2095.txt,4,2,1
2100.txt,7,1,0
2102.txt,8,3,2
2105.txt,6,2,0
2107.txt,9,3,0
2108.txt,4,1,0
2109.txt,6,2,2
2111.txt,6,5,4
2112.txt,10,5,0
2113.txt,11,2,2
2114.txt,6,10,8
2116.txt,4,1,1
2117.txt,11,2,2
2118.txt,12,4,1
2119.txt,7,3,3
2121.txt,8,5,3
2122.txt,7,1,0
2123.txt,6,5,4
2124.txt,7,1,0
2125.txt,3,2,2
2126.txt,8,11,10
2127.txt,10,2,4
2128.txt,4,2,2
2130.txt,13,6,8
2132.txt,5,2,2
2133.txt,6,1,0
2134.txt,3,1,1
2135.txt,9,3,3
2137.txt,5,1,1
2138.txt,7,4,4
2139.txt,8,3,1
2140.txt,8,5,0
2141.txt,5,2,2
2142.txt,6,1,0
2143.txt,6,4,3
2144.txt,6,2,0
2147.txt,4,1,1
2149.txt,11,3,2
2150.txt,8,1,2
2151.txt,5,4,4
2153.txt,8,1,2
2154.txt,4,1,0
2155.txt,5,1,2
2158.txt,7,2,3
2162.txt,10,5,3
2163.txt,10,7,6
2164.txt,3,1,1
2165.txt,12,3,3
2166.txt,4,1,0
2167.txt,11,4,2
2168.txt,7,1,1
2169.txt,11,6,4
2171.txt,5,1,1
2172.txt,6,4,3
2173.txt,9,1,0
2177.txt,9,4,3
2178.txt,6,2,0
2179.txt,6,2,2
2180.txt,7,4,4
2181.txt,7,2,1
2183.txt,5,4,3
2184.txt,8,4,1
2185.txt,4,3,2
2186.txt,5,1,2
2187.txt,14,4,2
2188.txt,7,4,4
2190.txt,6,2,1
2191.txt,7,3,2
2192.txt,5,3,1
2193.txt,7,6,4
2194.txt,6,4,2
2195.txt,5,2,4
2196.txt,5,1,1
2197.txt,6,2,1
2199.txt,6,4,1
2200.txt,8,4,2
2201.txt,4,1,1
2203.txt,7,1,1
2204.txt,4,1,0
2205.txt,10,6,2
2206.txt,7,1,0
2207.txt,6,4,4
2208.txt,5,1,2
2209.txt,5,1,2
2211.txt,7,1,2
2213.txt,6,4,1
2216.txt,9,2,2
2217.txt,5,2,0
2218.txt,12,7,5
2219.txt,5,2,2
2220.txt,8,5,5
2221.txt,2,1,1
2222.txt,8,5,2
2224.txt,7,4,1
2226.txt,5,1,0
2227.txt,11,5,7
2229.txt,11,1,0
2231.txt,4,1,0
2233.txt,4,3,4
2234.txt,3,3,1
2235.txt,6,1,2
2237.txt,4,2,0
2239.txt,7,4,2
2241.txt,10,5,1
2242.txt,3,3,2
2243.txt,6,2,1
2246.txt,7,4,3
2249.txt,8,2,2
2250.txt,9,3,2
2253.txt,5,3,1
2254.txt,7,1,0
2255.txt,7,3,1
2257.txt,7,1,0
2258.txt,5,5,7
2259.txt,12,7,4
2261.txt,6,3,0
2262.txt,5,1,2
2263.txt,7,3,3
2264.txt,6,1,1
2265.txt,6,5,2
2266.txt,4,1,0
2267.txt,6,2,1
2268.txt,7,3,2
2270.txt,7,1,0
2271.txt,13,8,5
2272.txt,7,1,1
2274.txt,4,1,1
2275.txt,6,3,2
2276.txt,6,3,1
2278.txt,6,1,1
2279.txt,10,5,3
2280.txt,4,2,1
2283.txt,6,1,1
2284.txt,7,7,3
2285.txt,8,5,10
2286.txt,6,2,1
2287.txt,3,4,4
2289.txt,10,5,6
2291.txt,9,1,0
2293.txt,6,3,0
2295.txt,8,1,0
2296.txt,8,1,2
2297.txt,5,3,1
2298.txt,5,1,1
2299.txt,6,2,2
2301.txt,5,2,1
2305.txt,5,2,0
2306.txt,7,2,1
2307.txt,5,5,2
2309.txt,5,4,2
2314.txt,5,3,0
2315.txt,11,1,1
2317.txt,4,1,1
2318.txt,4,3,2
2320.txt,6,1,0
2322.txt,5,3,2
2325.txt,5,1,0
2326.txt,5,2,1
2327.txt,7,2,4
2328.txt,10,3,1
2330.txt,6,4,3
2331.txt,6,6,4
2333.txt,5,1,1
2334.txt,11,4,4
2335.txt,5,1,1
2336.txt,5,2,2
2337.txt,6,2,3
2338.txt,6,2,2
2340.txt,13,1,1
2341.txt,4,1,1
2342.txt,7,3,2
2343.txt,6,2,0
2344.txt,6,3,1
2345.txt,5,1,0
2346.txt,9,4,3
2347.txt,5,2,2
2348.txt,11,3,8
2350.txt,8,1,0
2351.txt,5,2,1
2352.txt,6,3,2
2355.txt,9,4,4
2356.txt,5,1,1
2359.txt,12,6,2
2361.txt,6,1,0
2363.txt,6,3,3
2364.txt,6,1,2
2366.txt,6,2,1
2368.txt,6,1,0
2369.txt,9,7,4
2370.txt,6,6,4
2371.txt,6,4,4
2372.txt,7,2,3
2373.txt,11,5,4
2375.txt,5,1,1
2378.txt,5,2,1
2379.txt,6,3,4
2380.txt,12,2,3
2381.txt,6,1,0
2382.txt,9,2,2
2383.txt,5,4,4
2384.txt,7,2,2
2386.txt,6,6,7
2387.txt,11,2,0
2390.txt,9,5,3
2393.txt,6,2,2
2396.txt,6,3,1
2398.txt,8,4,5
2399.txt,10,5,2
2400.txt,2,2,2
2402.txt,5,2,1
2403.txt,7,2,0
2404.txt,4,6,0
2405.txt,6,2,1
2406.txt,5,1,1
2407.txt,7,3,2
2408.txt,17,6,5
2409.txt,8,3,3
2410.txt,8,5,3
2411.txt,4,2,2
2412.txt,7,1,0
2414.txt,9,8,5
2415.txt,10,7,8
2416.txt,5,1,1
2417.txt,6,3,3
2418.txt,12,2,0
2419.txt,8,1,0
2420.txt,8,3,1
2421.txt,6,6,1
2422.txt,4,3,3
2424.txt,7,1,0
2425.txt,4,1,1
2426.txt,4,1,0
2427.txt,7,1,1
2428.txt,9,6,4
2429.txt,4,2,0
2430.txt,13,6,6
2431.txt,8,1,0
2433.txt,5,3,1
2434.txt,5,1,0
2439.txt,6,3,2
2440.txt,6,2,2
2441.txt,7,5,2
2442.txt,6,5,1
2443.txt,6,1,0
2444.txt,7,1,0
2446.txt,4,1,1
2447.txt,9,3,0
2448.txt,3,2,2
2449.txt,5,1,0
2451.txt,16,1,0
2452.txt,11,3,3
2454.txt,6,1,0
2455.txt,5,1,1
2456.txt,13,6,4
2458.txt,4,1,0
2462.txt,7,4,3
2463.txt,3,1,0
2465.txt,5,1,0
2467.txt,6,2,0
2468.txt,6,4,1
2469.txt,7,1,0
2472.txt,4,1,0
2473.txt,4,1,1
2474.txt,5,5,3
2475.txt,5,2,1
2476.txt,6,1,1
2477.txt,10,7,7
2478.txt,10,4,4
2479.txt,11,4,5
2481.txt,9,5,5
2482.txt,3,2,1
2483.txt,5,1,0
2484.txt,5,4,2
2485.txt,6,5,4
2486.txt,10,2,0
2488.txt,6,2,1
2489.txt,7,4,2
2490.txt,3,1,1
2492.txt,6,4,3
2494.txt,8,4,3
2495.txt,4,3,1
2496.txt,7,3,2
2497.txt,3,1,0
2498.txt,4,1,0
2499.txt,8,8,6
2500.txt,8,3,2
2501.txt,6,4,3
2502.txt,11,7,4
2503.txt,6,2,0
2505.txt,6,1,0
2506.txt,7,1,2
2507.txt,5,3,2
2509.txt,5,2,2
2510.txt,5,1,0
2511.txt,7,3,1
2512.txt,7,6,2
2513.txt,9,2,2
2514.txt,7,2,0
2516.txt,6,2,0
2518.txt,5,1,1
2519.txt,5,1,2
2520.txt,7,5,1
2521.txt,7,2,2
2522.txt,11,3,1
2524.txt,5,2,2
2525.txt,4,2,0
2528.txt,5,1,1
2530.txt,13,4,6
2531.txt,6,3,1
2532.txt,5,6,3
2536.txt,7,1,0
2537.txt,11,6,4
2543.txt,2,4,1
2544.txt,10,4,2
2546.txt,6,1,2
2547.txt,9,4,5
2548.txt,8,4,1
2550.txt,4,1,0
2553.txt,8,2,2
2554.txt,7,4,1
2555.txt,9,1,2
2556.txt,16,8,6
2557.txt,4,2,1
2560.txt,7,1,1
2562.txt,12,7,2
2565.txt,9,3,3
2568.txt,7,1,0
2569.txt,9,4,2
2570.txt,8,8,6
2571.txt,6,1,1
2574.txt,3,1,0
2575.txt,7,1,1
2576.txt,6,2,0
2577.txt,5,3,2
2578.txt,11,2,2
2580.txt,6,2,1
2581.txt,15,2,3
2582.txt,5,4,3
2585.txt,9,4,4
2586.txt,3,1,0
2587.txt,7,6,4
2588.txt,6,1,1
2589.txt,7,3,1
2593.txt,6,2,2
2594.txt,12,6,6
2597.txt,5,2,2
2598.txt,4,6,3
2599.txt,8,3,4
2600.txt,5,1,0
2602.txt,8,7,2
2606.txt,10,8,6
2607.txt,5,1,2
2608.txt,4,4,2
2610.txt,7,4,2
2613.txt,4,1,1
2614.txt,8,2,0
2615.txt,6,12,6
2616.txt,12,3,2
2617.txt,7,2,2
2618.txt,4,1,2
2619.txt,6,3,0
2622.txt,5,1,0
2624.txt,9,1,2
2627.txt,7,2,2
2628.txt,7,4,5
2630.txt,4,2,1
2631.txt,7,2,0
2633.txt,7,5,4
2634.txt,6,1,0
2636.txt,8,1,0
2637.txt,5,11,4
2639.txt,6,1,1
2642.txt,16,11,10
2644.txt,10,5,3
2645.txt,6,1,0
2646.txt,5,1,1
2647.txt,5,1,0
2648.txt,5,3,4
2650.txt,10,5,3
2652.txt,7,1,0
2653.txt,5,1,0
2654.txt,4,1,0
2656.txt,7,2,0
2657.txt,3,2,1
2658.txt,6,1,0
2661.txt,4,2,3
2664.txt,4,3,1
2666.txt,4,1,1
2669.txt,3,1,1
2670.txt,6,10,3
2671.txt,6,1,1
2673.txt,4,5,2
2675.txt,5,1,0
2676.txt,9,8,8
2677.txt,6,2,1
2679.txt,6,2,2
2681.txt,7,3,1
2682.txt,4,3,2
2684.txt,9,3,1
2685.txt,6,1,0
2687.txt,6,2,0
2688.txt,10,5,3
2689.txt,16,5,6
2690.txt,5,1,1
2691.txt,4,7,0
2693.txt,6,2,3
2695.txt,5,3,3
2696.txt,11,7,5
2700.txt,5,1,0
2701.txt,4,1,0
2702.txt,7,4,4
2704.txt,12,7,5
2705.txt,2,1,0
2706.txt,5,1,0
2707.txt,10,4,3
2708.txt,11,5,2
2709.txt,6,1,2
2711.txt,7,1,0
2712.txt,5,1,0
2713.txt,9,6,5
2715.txt,11,2,2
2716.txt,5,7,3
2717.txt,4,1,1
2718.txt,7,1,0
2719.txt,7,4,3
2721.txt,10,8,3
2722.txt,11,4,7
2723.txt,6,2,0
2724.txt,6,2,1
2725.txt,6,3,2
2727.txt,8,3,2
2728.txt,7,7,3
2729.txt,11,6,1
2733.txt,6,1,0
2736.txt,9,2,1
2737.txt,5,2,1
2738.txt,7,1,1
2740.txt,8,1,0
2742.txt,6,3,3
2743.txt,8,2,0
2745.txt,6,1,1
2746.txt,6,1,0
2747.txt,4,1,2
2749.txt,6,1,0
2750.txt,7,3,5
2752.txt,10,6,3
2753.txt,6,1,0
2755.txt,7,5,3
2756.txt,7,2,2
2757.txt,6,1,0
2759.txt,10,2,2
2760.txt,6,1,0
2761.txt,7,4,2
2762.txt,7,1,1
2763.txt,6,1,1
2766.txt,5,2,2
2767.txt,5,1,1
2769.txt,8,2,2
2773.txt,5,1,0
2774.txt,6,1,1
2776.txt,9,1,1
2777.txt,6,2,0
2778.txt,8,1,0
2779.txt,3,2,2
2780.txt,4,1,0
2782.txt,4,1,0
2783.txt,8,2,2
2789.txt,5,4,1
2790.txt,7,2,4
2793.txt,4,1,2
2794.txt,5,2,2
2795.txt,8,1,0
2798.txt,4,4,1
2800.txt,7,1,0
2801.txt,5,3,1
2802.txt,5,2,2
2803.txt,4,1,1
2808.txt,5,1,1
2809.txt,5,1,0
2810.txt,5,2,2
2812.txt,5,3,4
2813.txt,5,1,0
2814.txt,3,3,1
2815.txt,5,1,0
2816.txt,5,1,1
2817.txt,13,8,8
2818.txt,7,5,4
2819.txt,5,1,0
2821.txt,7,3,0
2822.txt,8,5,1
2823.txt,9,3,1
2824.txt,7,2,2
2826.txt,5,3,3
2827.txt,16,8,6
2828.txt,7,2,1
2830.txt,3,1,0
2831.txt,6,5,3
2832.txt,7,3,2
2834.txt,6,1,1
2835.txt,5,1,1
2836.txt,5,6,2
2837.txt,11,2,2
2843.txt,8,2,2
2844.txt,7,1,1
2846.txt,5,5,4
2847.txt,9,5,5
2848.txt,6,2,1
2849.txt,6,1,0
2853.txt,10,4,3
2857.txt,8,4,1
2858.txt,6,3,2
2859.txt,6,3,4
2860.txt,7,4,1
2864.txt,6,3,0
2865.txt,5,1,0
2867.txt,12,4,1
2868.txt,4,1,1
2869.txt,7,1,1
2874.txt,9,2,1
2879.txt,5,4,2
2882.txt,10,2,1
2883.txt,5,2,2
2884.txt,8,2,0
2885.txt,8,1,2
2886.txt,10,3,4
2887.txt,8,4,1
2888.txt,6,2,2
2890.txt,7,3,1
2891.txt,15,1,1
2892.txt,5,1,1
2894.txt,10,4,1
2897.txt,4,1,0
2901.txt,3,2,0
2903.txt,6,1,2
2904.txt,6,4,1
2905.txt,5,2,0
2906.txt,4,1,1
2907.txt,18,13,20
2908.txt,5,2,2
2909.txt,9,3,2
2911.txt,6,4,1
2912.txt,13,7,4
2913.txt,11,6,5
2914.txt,8,3,0
2917.txt,6,3,2
2919.txt,7,2,1
2921.txt,7,4,6
2922.txt,5,3,3
2924.txt,10,1,1
2927.txt,5,2,1
2928.txt,11,3,3
2929.txt,5,1,1
2930.txt,5,1,1
2931.txt,8,2,0
2934.txt,5,2,2
2935.txt,6,5,2
2936.txt,7,3,4
2939.txt,6,1,0
2940.txt,6,1,0
2943.txt,3,6,6
2944.txt,6,4,5
2945.txt,7,2,2
2946.txt,8,1,0
2949.txt,7,5,2
2951.txt,8,1,1
2952.txt,5,1,1
2954.txt,5,7,8
2955.txt,5,5,0
2957.txt,10,8,4
2958.txt,4,3,2
2961.txt,11,7,4
2962.txt,7,6,4
2966.txt,6,2,2
2968.txt,7,1,1
2969.txt,11,6,4
2970.txt,7,1,0
2972.txt,6,3,4
2973.txt,11,5,4
2974.txt,13,5,2
2975.txt,5,5,1
2976.txt,6,1,2
2977.txt,5,1,1
2978.txt,7,3,1
2979.txt,7,3,0
2980.txt,6,1,1
2981.txt,6,1,0
2982.txt,5,1,0
2983.txt,11,2,1
2984.txt,9,7,5
2985.txt,5,2,0
2986.txt,6,1,0
2987.txt,9,5,4
2989.txt,6,3,1
2992.txt,7,1,1
2999.txt,8,5,2
3000.txt,11,5,8
3001.txt,5,1,1
3003.txt,5,3,2
3004.txt,7,4,2
3005.txt,12,6,5
3006.txt,10,5,3
3007.txt,14,8,1
3009.txt,8,1,0
3011.txt,10,2,1
3013.txt,7,2,1
3014.txt,7,2,1
3016.txt,5,2,2
3017.txt,6,6,2
3018.txt,5,1,1
3019.txt,6,2,0
3022.txt,4,3,2
3023.txt,5,1,0
3027.txt,5,1,0
3028.txt,7,1,0
3029.txt,5,1,0
3032.txt,5,1,0
3034.txt,4,1,1
3035.txt,4,3,3
3036.txt,12,5,4
3038.txt,12,2,1
3040.txt,6,3,0
3042.txt,7,1,0
3043.txt,6,1,0
3044.txt,7,1,0
3046.txt,17,4,2
3052.txt,5,3,2
3054.txt,8,2,2
3056.txt,9,5,5
3057.txt,7,1,0
3058.txt,8,3,3
3061.txt,6,2,0
3062.txt,6,1,0
3064.txt,7,2,3
3065.txt,6,1,0
3066.txt,6,3,2
3068.txt,4,4,2
3069.txt,5,2,3
3072.txt,12,5,4
3074.txt,6,3,4
3075.txt,7,2,1
3076.txt,4,4,2
3077.txt,7,1,0
3078.txt,8,1,2
3079.txt,9,2,1
3080.txt,6,4,0
3081.txt,5,1,1
3082.txt,5,3,2
3084.txt,6,1,1
3085.txt,3,1,0
3086.txt,10,4,3
3087.txt,8,3,3
3088.txt,5,1,2
3090.txt,6,1,2
3091.txt,9,3,1
3092.txt,5,2,2
3093.txt,6,3,1
3094.txt,5,1,2
3095.txt,5,2,0
3096.txt,8,4,4
3097.txt,8,2,1
3099.txt,5,1,0
3100.txt,5,2,3
3101.txt,9,4,3
3103.txt,5,2,0
3107.txt,5,3,4
3108.txt,6,2,2
3110.txt,10,2,3
3111.txt,5,3,4
3113.txt,9,1,0
3116.txt,4,4,2
3118.txt,6,2,1
3120.txt,10,1,1
3121.txt,5,2,1
3123.txt,8,4,4
3124.txt,10,1,0
3127.txt,11,1,1
3128.txt,6,2,1
3129.txt,7,5,2
3130.txt,9,7,4
3137.txt,9,3,2
3140.txt,3,2,0
3142.txt,5,2,3
3148.txt,9,3,6
3149.txt,6,1,2
3150.txt,6,2,0
3151.txt,4,1,2
3152.txt,14,8,4
3153.txt,5,3,5
3154.txt,9,6,7
3155.txt,4,2,1
3158.txt,15,7,5
3159.txt,7,4,2
3160.txt,6,2,0
3162.txt,5,1,0
3164.txt,4,1,0
3165.txt,5,3,2
3166.txt,5,2,1
3168.txt,8,2,1
3169.txt,9,6,5
3170.txt,8,2,2
3171.txt,4,1,0
3172.txt,7,1,1
3174.txt,8,5,1
3175.txt,9,3,2
3177.txt,7,3,3
3178.txt,7,6,2
3179.txt,6,1,0
3182.txt,10,3,2
3184.txt,7,2,1
3186.txt,5,1,2
3187.txt,7,4,2
3188.txt,8,3,1
3189.txt,4,1,1
3190.txt,8,2,1
3191.txt,7,5,4
3192.txt,12,5,4
3193.txt,4,1,1
3195.txt,9,3,2
3197.txt,6,2,1
3198.txt,4,1,0
3201.txt,5,1,1
3202.txt,5,1,1
3204.txt,6,1,0
3207.txt,8,2,1
3211.txt,10,4,3
3213.txt,5,1,1
3214.txt,7,3,3
3217.txt,5,2,0
3219.txt,6,7,3
3226.txt,4,1,1
3228.txt,6,2,0
3229.txt,8,1,2
3230.txt,6,5,3
3231.txt,9,4,3
3232.txt,10,1,3
3233.txt,9,5,6
3237.txt,8,3,1
3238.txt,8,7,5
3240.txt,5,5,5
3241.txt,9,1,0
3242.txt,4,1,0
3243.txt,9,1,0
3244.txt,13,5,3
3245.txt,4,5,1
3246.txt,5,2,1
3248.txt,6,6,2
3249.txt,9,4,3
3250.txt,7,4,3
3251.txt,8,2,1
3255.txt,7,1,0
3256.txt,6,5,4
3257.txt,4,1,1
3259.txt,6,4,2
3260.txt,11,7,5
3264.txt,7,4,2
3270.txt,6,1,1
3272.txt,5,5,3
3273.txt,5,2,3
3274.txt,3,2,1
3275.txt,5,1,1
3277.txt,6,2,1
3278.txt,28,1,0
3280.txt,5,1,2
3281.txt,8,2,3
3282.txt,5,1,2
3286.txt,6,6,7
3287.txt,7,3,4
3292.txt,5,2,2
3293.txt,5,8,3
3294.txt,10,2,4
3296.txt,7,1,0
3297.txt,5,1,1
3299.txt,6,2,3
3300.txt,6,4,1
3302.txt,5,1,1
3303.txt,7,1,2
3304.txt,7,1,1
3305.txt,15,7,3
3306.txt,5,2,1
3310.txt,7,1,0
3312.txt,5,3,4
3313.txt,5,1,1
3316.txt,6,2,1
3318.txt,5,1,1
3319.txt,5,1,0
3322.txt,5,1,0
3323.txt,10,2,1
3324.txt,8,5,5
3326.txt,4,4,0
3327.txt,12,3,2
3328.txt,4,2,2
3331.txt,5,2,1
3332.txt,7,1,1
3334.txt,5,3,1
3335.txt,6,1,0
3336.txt,8,4,4
3337.txt,10,1,0
3340.txt,7,3,4
3342.txt,6,5,6
3344.txt,4,1,1
3347.txt,7,2,2
3348.txt,8,2,2
3349.txt,12,5,6
3351.txt,14,3,2
3353.txt,6,4,3
3354.txt,8,3,2
3355.txt,5,1,2
3356.txt,5,1,1
3357.txt,4,1,0
3360.txt,6,2,0
3363.txt,8,4,0
3364.txt,5,5,2
3366.txt,4,1,0
3368.txt,9,2,2
3369.txt,4,4,2
3371.txt,4,1,0
3372.txt,3,2,1
3374.txt,8,1,2
3375.txt,5,1,0
3378.txt,8,2,2
3379.txt,6,2,3
3380.txt,5,1,1
3382.txt,8,4,3
3383.txt,4,2,0
3387.txt,6,3,5
3388.txt,7,2,1
3389.txt,4,1,0
3391.txt,7,1,1
3393.txt,7,2,3
3394.txt,5,2,1
3396.txt,5,2,1
3397.txt,6,2,1
3398.txt,6,3,2
3399.txt,4,3,2
3401.txt,5,3,1
3402.txt,5,1,1
3404.txt,5,1,0
3405.txt,5,1,1
3406.txt,5,1,1
3407.txt,6,2,1
3408.txt,7,1,1
3410.txt,6,4,3
3411.txt,11,6,5
3412.txt,8,1,0
3414.txt,7,4,2
3415.txt,8,3,0
3416.txt,7,3,1
3417.txt,9,5,4
3418.txt,9,2,3
3419.txt,10,5,3
3421.txt,8,2,2
3423.txt,6,2,2
3424.txt,10,1,1
3425.txt,6,2,1
3426.txt,5,1,1
3428.txt,7,3,2
3429.txt,6,2,1
3430.txt,7,3,1
3432.txt,5,4,2
3435.txt,9,3,1
3436.txt,10,2,4
3437.txt,5,1,0
3440.txt,8,1,1
3442.txt,5,4,3
3444.txt,1,1,0
3447.txt,13,6,5
3448.txt,7,4,5
3449.txt,7,1,0
3451.txt,6,5,4
3454.txt,3,1,0
3455.txt,7,8,2
3456.txt,4,1,2
3457.txt,4,1,0
3459.txt,8,5,2
3462.txt,7,2,1
3463.txt,10,4,2
3464.txt,4,1,0
3466.txt,7,3,0
3467.txt,7,1,0
3468.txt,14,5,3
3469.txt,5,4,1
3470.txt,7,2,0
3471.txt,7,3,3
3474.txt,10,4,4
3476.txt,7,2,2
3478.txt,5,1,1
3479.txt,14,7,4
3480.txt,5,1,0
3481.txt,4,2,2
3482.txt,6,2,2
3484.txt,15,4,3
3485.txt,8,4,2
3486.txt,5,1,1
3488.txt,5,1,1
3490.txt,7,3,2
3491.txt,8,4,4
3492.txt,5,2,3
3493.txt,7,1,2
3494.txt,6,2,1
3497.txt,6,1,1
3498.txt,20,4,2
3502.txt,7,4,3
3506.txt,4,1,0
3507.txt,7,1,0
3508.txt,11,9,11
3509.txt,13,3,2
3510.txt,3,3,0
3512.txt,5,1,1
3514.txt,6,1,1
3515.txt,5,1,0
3516.txt,5,1,0
3517.txt,10,3,0
3518.txt,5,1,1
3519.txt,7,4,3
3520.txt,5,2,1
3521.txt,6,2,1
3523.txt,6,2,0
3525.txt,7,2,1
3526.txt,9,3,3
3529.txt,5,1,2
3530.txt,4,2,1
3531.txt,6,1,1
3532.txt,4,1,0
3533.txt,4,1,1
3534.txt,6,1,0
3536.txt,12,7,4
3537.txt,4,1,0
3540.txt,6,1,2
3541.txt,5,3,1
3543.txt,5,1,1
3544.txt,6,3,0
3545.txt,10,3,3
3546.txt,6,3,2
3547.txt,6,1,0
3550.txt,7,2,1
3551.txt,5,3,1
3555.txt,6,1,0
3556.txt,7,1,0
3557.txt,7,3,3
3558.txt,9,5,2
3559.txt,5,2,1
3562.txt,4,5,3
3564.txt,9,4,5
3565.txt,7,3,2
3566.txt,14,4,3
3567.txt,8,4,4
3568.txt,5,1,0
3569.txt,5,1,2
3570.txt,10,5,3
3571.txt,7,2,2
3572.txt,4,1,1
3573.txt,9,5,5
3575.txt,5,2,1
3578.txt,4,1,0
3579.txt,6,1,0
3581.txt,12,5,3
3583.txt,5,1,1
3584.txt,5,4,7
3586.txt,4,1,1
3589.txt,7,2,1
3591.txt,7,1,2
3592.txt,4,2,0
3595.txt,10,4,3
3596.txt,9,2,1
3597.txt,7,2,0
3599.txt,6,2,1
3600.txt,6,2,0
3601.txt,11,5,4
3602.txt,6,2,0
3607.txt,8,4,1
3608.txt,19,1,1
3609.txt,6,1,2
3611.txt,14,8,6
3612.txt,7,3,1
3613.txt,6,1,1
3614.txt,5,4,2
3615.txt,4,1,0
3616.txt,7,3,4
3618.txt,7,1,0
3620.txt,12,3,1
3621.txt,5,1,1
3622.txt,12,4,2
3623.txt,6,1,0
3626.txt,4,2,2
3627.txt,10,4,1
3628.txt,6,1,0
3630.txt,7,2,1
3631.txt,5,4,2
3632.txt,9,5,2
3633.txt,6,2,2
3635.txt,5,1,1
3636.txt,8,4,3
3638.txt,5,1,2
3640.txt,5,3,2
3641.txt,5,4,0
3642.txt,7,2,1
3643.txt,4,1,0
3644.txt,8,3,2
3645.txt,3,1,1
3650.txt,11,4,3
3651.txt,7,2,0
3652.txt,7,2,1
3653.txt,8,4,5
3654.txt,13,1,2
3655.txt,7,2,1
3656.txt,9,5,2
3657.txt,10,3,3
3658.txt,11,4,3
3659.txt,6,1,1
3662.txt,9,3,1
3666.txt,4,4,2
3667.txt,12,4,2
3668.txt,5,1,1
3669.txt,3,1,1
3670.txt,7,3,3
3671.txt,8,2,1
3672.txt,8,4,1
3673.txt,11,5,5
3676.txt,11,6,7
3677.txt,6,1,1
3678.txt,7,2,1
3680.txt,9,4,5
3681.txt,6,2,1
3682.txt,5,1,1
3683.txt,7,1,0
3684.txt,3,4,3
3685.txt,7,3,0
3686.txt,6,3,2
3687.txt,7,4,2
3688.txt,8,5,0
3689.txt,7,4,1
3690.txt,6,3,3
3691.txt,6,2,0
3694.txt,6,1,1
3695.txt,7,1,0
3696.txt,2,1,1
3697.txt,9,4,1
3699.txt,5,2,1
3700.txt,8,2,2
3702.txt,8,4,5
3705.txt,7,2,0
3706.txt,5,1,0
3707.txt,5,1,0
3708.txt,7,3,2
3709.txt,8,2,0
3710.txt,6,1,0
3712.txt,6,1,0
3713.txt,5,1,0
3714.txt,5,1,1
3715.txt,7,5,2
3716.txt,5,1,0
3717.txt,6,1,2
3718.txt,6,2,0
3721.txt,6,2,1
3725.txt,7,1,0
3727.txt,5,2,2
3730.txt,8,1,1
3732.txt,6,1,0
3733.txt,10,7,6
3735.txt,5,2,1
3736.txt,5,1,0
3739.txt,10,2,1
3740.txt,5,2,2
3741.txt,6,1,0
3742.txt,5,1,1
3743.txt,4,1,0
3746.txt,6,2,1
3748.txt,6,2,0
3750.txt,8,6,4
3751.txt,5,1,0
3752.txt,9,2,1
3753.txt,13,3,4
3755.txt,8,2,0
3756.txt,5,2,1
3757.txt,7,1,1
3758.txt,4,1,0
3759.txt,9,5,5
3760.txt,10,2,3
3761.txt,5,3,1
3762.txt,7,1,0
3766.txt,6,3,0
3768.txt,5,2,2
3769.txt,5,4,4
3770.txt,5,1,1
3772.txt,7,2,2
3774.txt,8,3,3
3776.txt,4,1,0
3777.txt,8,3,1
3780.txt,5,2,2
3784.txt,6,2,2
3785.txt,6,2,0
3786.txt,4,4,5
3789.txt,7,2,1
3790.txt,12,8,5
3791.txt,2,1,1
3793.txt,8,5,4
3794.txt,10,1,2
3795.txt,6,1,1
3797.txt,6,2,1
3798.txt,5,2,1
3799.txt,4,3,1
3800.txt,11,6,1
3801.txt,9,6,5
3802.txt,9,6,3
3803.txt,9,6,5
3804.txt,7,6,4
3805.txt,6,1,0
3806.txt,5,3,2
3807.txt,9,2,1
3808.txt,6,2,1
3810.txt,6,2,0
3811.txt,3,4,1
3812.txt,7,4,2
3813.txt,4,1,2
3815.txt,6,3,3
3816.txt,8,1,1
3819.txt,6,5,2
3820.txt,6,2,1
3821.txt,4,1,0
3822.txt,5,1,1
3824.txt,6,3,3
3825.txt,4,4,2
3828.txt,6,1,0
3829.txt,9,7,5
3832.txt,6,1,0
3833.txt,12,8,6
3834.txt,4,1,1
3835.txt,5,2,0
3838.txt,7,2,0
3839.txt,12,5,1
3840.txt,14,9,3
3841.txt,6,1,0
3842.txt,5,1,2
3843.txt,9,2,0
3846.txt,8,4,4
3847.txt,6,3,1
3848.txt,8,6,6
3849.txt,4,1,0
3850.txt,5,2,1
3851.txt,5,2,1
3852.txt,6,2,0
3853.txt,6,7,5
3854.txt,4,1,0
3855.txt,7,3,7
3858.txt,8,3,1
3859.txt,12,6,2
3862.txt,4,2,1
3863.txt,4,2,1
3865.txt,6,1,0
3866.txt,6,4,5
3868.txt,4,1,1
3869.txt,4,2,1
3870.txt,9,3,1
3872.txt,4,1,1
3873.txt,7,1,1
3874.txt,8,5,5
3875.txt,7,4,5
3876.txt,5,1,1
3877.txt,10,4,3
3878.txt,6,3,4
3880.txt,5,3,2
3881.txt,10,3,2
3882.txt,9,2,2
3884.txt,6,3,0
3886.txt,4,1,0
3887.txt,6,2,0
3888.txt,4,1,0
3891.txt,3,5,2
3892.txt,18,10,10
3893.txt,5,1,2
3895.txt,9,4,1
3896.txt,6,1,2
3898.txt,4,1,0
3899.txt,16,2,4
3901.txt,7,4,1
3902.txt,4,1,0
3905.txt,6,1,1
3907.txt,9,9,4
3908.txt,6,1,1
3909.txt,6,2,1
3910.txt,4,2,2
3912.txt,12,4,1
3915.txt,7,5,2
3917.txt,6,1,2
3918.txt,5,2,3
3919.txt,4,2,1
3920.txt,5,5,2
3921.txt,7,1,0
3924.txt,5,2,0
3925.txt,7,4,0
3926.txt,10,6,5
3927.txt,1,1,0
3928.txt,6,3,2
3929.txt,7,3,0
3930.txt,6,2,3
3932.txt,5,1,0
3933.txt,6,1,0
3934.txt,8,1,1
3935.txt,16,5,1
3937.txt,6,1,1
3940.txt,6,2,0
3941.txt,12,2,2
3942.txt,9,3,5
3943.txt,4,1,0
3944.txt,6,1,0
3945.txt,12,5,7
3947.txt,7,1,0
3949.txt,6,3,2
3950.txt,6,2,0
3951.txt,5,2,2
3952.txt,9,5,4
3956.txt,6,1,1
3959.txt,7,1,0
3960.txt,4,2,2
3961.txt,9,3,3
3963.txt,6,2,0
3964.txt,6,3,1
3965.txt,4,1,0
3966.txt,11,1,0
3967.txt,5,1,1
3968.txt,4,1,1
3969.txt,6,3,3
3972.txt,11,3,1
3974.txt,12,4,5
3975.txt,7,1,0
3977.txt,7,2,2
3979.txt,6,2,1
3980.txt,8,6,3
3983.txt,8,2,2
3984.txt,10,3,2
3985.txt,6,1,1
3987.txt,6,2,1
3988.txt,9,4,6
3989.txt,5,1,0
3990.txt,5,2,1
3991.txt,4,1,1
3992.txt,6,1,0
3993.txt,5,2,2
3994.txt,6,3,2
3995.txt,12,5,3
3996.txt,7,1,1
3997.txt,5,2,2